LOCATION,INDICATOR,SUBJECT,MEASURE,FREQUENCY,TIME,Value,Flag Codes
AUS,EDUADULT,TRY_MEN,PC_25_64,A,2016,39.76762,
AUS,EDUADULT,TRY_MEN,PC_25_64,A,2017,40.425915,
AUS,EDUADULT,TRY_MEN,PC_25_64,A,2018,40.441612,
AUS,EDUADULT,TRY_MEN,PC_25_64,A,2019,42.475243,
AUS,EDUADULT,TRY_MEN,PC_25_64,A,2020,44.057648,
AUS,EDUADULT,TRY_WOMEN,PC_25_64,A,2016,47.630001,
AUS,EDUADULT,TRY_WOMEN,PC_25_64,A,2017,50.127247,
AUS,EDUADULT,TRY_WOMEN,PC_25_64,A,2018,50.837093,
AUS,EDUADULT,TRY_WOMEN,PC_25_64,A,2019,51.648521,
AUS,EDUADULT,TRY_WOMEN,PC_25_64,A,2020,54.412212,
AUS,EDUADULT,UPPSRY_MEN,PC_25_64,A,2016,40.824184,
AUS,EDUADULT,UPPSRY_MEN,PC_25_64,A,2017,41.172245,
AUS,EDUADULT,UPPSRY_MEN,PC_25_64,A,2018,41.90353,
AUS,EDUADULT,UPPSRY_MEN,PC_25_64,A,2019,40.558659,
AUS,EDUADULT,UPPSRY_MEN,PC_25_64,A,2020,39.753174,
AUS,EDUADULT,UPPSRY_WOMEN,PC_25_64,A,2016,31.658438,
AUS,EDUADULT,UPPSRY_WOMEN,PC_25_64,A,2017,30.268877,
AUS,EDUADULT,UPPSRY_WOMEN,PC_25_64,A,2018,30.615618,
AUS,EDUADULT,UPPSRY_WOMEN,PC_25_64,A,2019,31.057135,
AUS,EDUADULT,UPPSRY_WOMEN,PC_25_64,A,2020,29.289186,
AUT,EDUADULT,TRY_MEN,PC_25_64,A,2016,32.170181,
AUT,EDUADULT,TRY_MEN,PC_25_64,A,2017,32.91766,
AUT,EDUADULT,TRY_MEN,PC_25_64,A,2018,33.656857,
AUT,EDUADULT,TRY_MEN,PC_25_64,A,2019,34.190922,
AUT,EDUADULT,TRY_MEN,PC_25_64,A,2020,34.398293,
AUT,EDUADULT,TRY_WOMEN,PC_25_64,A,2016,30.600239,
AUT,EDUADULT,TRY_WOMEN,PC_25_64,A,2017,31.872847,
AUT,EDUADULT,TRY_WOMEN,PC_25_64,A,2018,31.769451,
AUT,EDUADULT,TRY_WOMEN,PC_25_64,A,2019,33.357452,
AUT,EDUADULT,TRY_WOMEN,PC_25_64,A,2020,34.013531,
AUT,EDUADULT,UPPSRY_MEN,PC_25_64,A,2016,56.066723,
AUT,EDUADULT,UPPSRY_MEN,PC_25_64,A,2017,55.365974,
AUT,EDUADULT,UPPSRY_MEN,PC_25_64,A,2018,55.005234,
AUT,EDUADULT,UPPSRY_MEN,PC_25_64,A,2019,54.225082,
AUT,EDUADULT,UPPSRY_MEN,PC_25_64,A,2020,53.847668,
AUT,EDUADULT,UPPSRY_WOMEN,PC_25_64,A,2016,50.231434,
AUT,EDUADULT,UPPSRY_WOMEN,PC_25_64,A,2017,49.77932,
AUT,EDUADULT,UPPSRY_WOMEN,PC_25_64,A,2018,50.175697,
AUT,EDUADULT,UPPSRY_WOMEN,PC_25_64,A,2019,49.360409,
AUT,EDUADULT,UPPSRY_WOMEN,PC_25_64,A,2020,49.058273,
BEL,EDUADULT,TRY_MEN,PC_25_64,A,2016,34.192955,
BEL,EDUADULT,TRY_MEN,PC_25_64,A,2017,36.858852,
BEL,EDUADULT,TRY_MEN,PC_25_64,A,2018,36.94939,
BEL,EDUADULT,TRY_MEN,PC_25_64,A,2019,36.542046,
BEL,EDUADULT,TRY_MEN,PC_25_64,A,2020,37.938366,
BEL,EDUADULT,TRY_WOMEN,PC_25_64,A,2016,40.828674,
BEL,EDUADULT,TRY_WOMEN,PC_25_64,A,2017,43.657627,
BEL,EDUADULT,TRY_WOMEN,PC_25_64,A,2018,44.334103,
BEL,EDUADULT,TRY_WOMEN,PC_25_64,A,2019,44.806469,
BEL,EDUADULT,TRY_WOMEN,PC_25_64,A,2020,46.957001,
BEL,EDUADULT,UPPSRY_MEN,PC_25_64,A,2016,40.122162,
BEL,EDUADULT,UPPSRY_MEN,PC_25_64,A,2017,39.073261,
BEL,EDUADULT,UPPSRY_MEN,PC_25_64,A,2018,40.415058,
BEL,EDUADULT,UPPSRY_MEN,PC_25_64,A,2019,40.611317,
BEL,EDUADULT,UPPSRY_MEN,PC_25_64,A,2020,40.329418,
BEL,EDUADULT,UPPSRY_WOMEN,PC_25_64,A,2016,35.047768,
BEL,EDUADULT,UPPSRY_WOMEN,PC_25_64,A,2017,34.005287,
BEL,EDUADULT,UPPSRY_WOMEN,PC_25_64,A,2018,34.756508,
BEL,EDUADULT,UPPSRY_WOMEN,PC_25_64,A,2019,35.415535,
BEL,EDUADULT,UPPSRY_WOMEN,PC_25_64,A,2020,34.341011,
CAN,EDUADULT,TRY_MEN,PC_25_64,A,2016,50.077358,
CAN,EDUADULT,TRY_MEN,PC_25_64,A,2017,50.368702,
CAN,EDUADULT,TRY_MEN,PC_25_64,A,2018,51.314053,
CAN,EDUADULT,TRY_MEN,PC_25_64,A,2019,53.165829,
CAN,EDUADULT,TRY_MEN,PC_25_64,A,2020,53.422737,
CAN,EDUADULT,TRY_WOMEN,PC_25_64,A,2016,62.385227,
CAN,EDUADULT,TRY_WOMEN,PC_25_64,A,2017,62.985828,
CAN,EDUADULT,TRY_WOMEN,PC_25_64,A,2018,64.394012,
CAN,EDUADULT,TRY_WOMEN,PC_25_64,A,2019,65.525139,
CAN,EDUADULT,TRY_WOMEN,PC_25_64,A,2020,66.451424,
CAN,EDUADULT,UPPSRY_MEN,PC_25_64,A,2016,39.174831,
CAN,EDUADULT,UPPSRY_MEN,PC_25_64,A,2017,39.287178,
CAN,EDUADULT,UPPSRY_MEN,PC_25_64,A,2018,38.883816,
CAN,EDUADULT,UPPSRY_MEN,PC_25_64,A,2019,37.356785,
CAN,EDUADULT,UPPSRY_MEN,PC_25_64,A,2020,37.700161,
CAN,EDUADULT,UPPSRY_WOMEN,PC_25_64,A,2016,29.565395,
CAN,EDUADULT,UPPSRY_WOMEN,PC_25_64,A,2017,29.595142,
CAN,EDUADULT,UPPSRY_WOMEN,PC_25_64,A,2018,28.637413,
CAN,EDUADULT,UPPSRY_WOMEN,PC_25_64,A,2019,27.65555,
CAN,EDUADULT,UPPSRY_WOMEN,PC_25_64,A,2020,27.299822,
CZE,EDUADULT,TRY_MEN,PC_25_64,A,2016,21.909687,
CZE,EDUADULT,TRY_MEN,PC_25_64,A,2017,22.416576,
CZE,EDUADULT,TRY_MEN,PC_25_64,A,2018,22.450584,
CZE,EDUADULT,TRY_MEN,PC_25_64,A,2019,22.383299,
CZE,EDUADULT,TRY_MEN,PC_25_64,A,2020,22.470652,
CZE,EDUADULT,TRY_WOMEN,PC_25_64,A,2016,24.062445,
CZE,EDUADULT,TRY_WOMEN,PC_25_64,A,2017,25.483604,
CZE,EDUADULT,TRY_WOMEN,PC_25_64,A,2018,26.133144,
CZE,EDUADULT,TRY_WOMEN,PC_25_64,A,2019,26.108458,
CZE,EDUADULT,TRY_WOMEN,PC_25_64,A,2020,27.334427,
CZE,EDUADULT,UPPSRY_MEN,PC_25_64,A,2016,73.080116,
CZE,EDUADULT,UPPSRY_MEN,PC_25_64,A,2017,72.735123,
CZE,EDUADULT,UPPSRY_MEN,PC_25_64,A,2018,72.602074,
CZE,EDUADULT,UPPSRY_MEN,PC_25_64,A,2019,72.427505,
CZE,EDUADULT,UPPSRY_MEN,PC_25_64,A,2020,72.291992,
CZE,EDUADULT,UPPSRY_WOMEN,PC_25_64,A,2016,67.758606,
CZE,EDUADULT,UPPSRY_WOMEN,PC_25_64,A,2017,66.911522,
CZE,EDUADULT,UPPSRY_WOMEN,PC_25_64,A,2018,66.496178,
CZE,EDUADULT,UPPSRY_WOMEN,PC_25_64,A,2019,66.546837,
CZE,EDUADULT,UPPSRY_WOMEN,PC_25_64,A,2020,65.980049,
DNK,EDUADULT,TRY_MEN,PC_25_64,A,2016,33.078484,
DNK,EDUADULT,TRY_MEN,PC_25_64,A,2017,33.517536,
DNK,EDUADULT,TRY_MEN,PC_25_64,A,2018,33.794849,
DNK,EDUADULT,TRY_MEN,PC_25_64,A,2019,34.907452,
DNK,EDUADULT,TRY_WOMEN,PC_25_64,A,2016,42.522121,
DNK,EDUADULT,TRY_WOMEN,PC_25_64,A,2017,44.316708,
DNK,EDUADULT,TRY_WOMEN,PC_25_64,A,2018,45.166317,
DNK,EDUADULT,TRY_WOMEN,PC_25_64,A,2019,45.869457,
DNK,EDUADULT,UPPSRY_MEN,PC_25_64,A,2016,45.757957,
DNK,EDUADULT,UPPSRY_MEN,PC_25_64,A,2017,45.575832,
DNK,EDUADULT,UPPSRY_MEN,PC_25_64,A,2018,45.018398,
DNK,EDUADULT,UPPSRY_MEN,PC_25_64,A,2019,44.831509,
DNK,EDUADULT,UPPSRY_WOMEN,PC_25_64,A,2016,39.210312,
DNK,EDUADULT,UPPSRY_WOMEN,PC_25_64,A,2017,38.504265,
DNK,EDUADULT,UPPSRY_WOMEN,PC_25_64,A,2018,38.164898,
DNK,EDUADULT,UPPSRY_WOMEN,PC_25_64,A,2019,37.594078,
FIN,EDUADULT,TRY_MEN,PC_25_64,A,2016,36.531628,
FIN,EDUADULT,TRY_MEN,PC_25_64,A,2017,36.63578,
FIN,EDUADULT,TRY_MEN,PC_25_64,A,2018,37.464184,
FIN,EDUADULT,TRY_MEN,PC_25_64,A,2019,38.580463,
FIN,EDUADULT,TRY_MEN,PC_25_64,A,2020,39.971851,
FIN,EDUADULT,TRY_WOMEN,PC_25_64,A,2016,50.7971,
FIN,EDUADULT,TRY_WOMEN,PC_25_64,A,2017,52.151714,
FIN,EDUADULT,TRY_WOMEN,PC_25_64,A,2018,53.070175,
FIN,EDUADULT,TRY_WOMEN,PC_25_64,A,2019,53.511948,
FIN,EDUADULT,TRY_WOMEN,PC_25_64,A,2020,56.023224,
FIN,EDUADULT,UPPSRY_MEN,PC_25_64,A,2016,48.827293,
FIN,EDUADULT,UPPSRY_MEN,PC_25_64,A,2017,48.396294,
FIN,EDUADULT,UPPSRY_MEN,PC_25_64,A,2018,48.997135,
FIN,EDUADULT,UPPSRY_MEN,PC_25_64,A,2019,49.332397,
FIN,EDUADULT,UPPSRY_MEN,PC_25_64,A,2020,48.979591,
FIN,EDUADULT,UPPSRY_WOMEN,PC_25_64,A,2016,39.710144,
FIN,EDUADULT,UPPSRY_WOMEN,PC_25_64,A,2017,39.095551,
FIN,EDUADULT,UPPSRY_WOMEN,PC_25_64,A,2018,38.66959,
FIN,EDUADULT,UPPSRY_WOMEN,PC_25_64,A,2019,39.174511,
FIN,EDUADULT,UPPSRY_WOMEN,PC_25_64,A,2020,37.518143,
FRA,EDUADULT,TRY_MEN,PC_25_64,A,2016,32.173527,
FRA,EDUADULT,TRY_MEN,PC_25_64,A,2017,32.766411,
FRA,EDUADULT,TRY_MEN,PC_25_64,A,2018,34.210983,
FRA,EDUADULT,TRY_MEN,PC_25_64,A,2019,35.105602,
FRA,EDUADULT,TRY_MEN,PC_25_64,A,2020,36.732967,
FRA,EDUADULT,TRY_WOMEN,PC_25_64,A,2016,36.876068,
FRA,EDUADULT,TRY_WOMEN,PC_25_64,A,2017,37.543358,
FRA,EDUADULT,TRY_WOMEN,PC_25_64,A,2018,39.442608,
FRA,EDUADULT,TRY_WOMEN,PC_25_64,A,2019,40.550228,
FRA,EDUADULT,TRY_WOMEN,PC_25_64,A,2020,42.535744,
FRA,EDUADULT,UPPSRY_MEN,PC_25_64,A,2016,46.547363,
FRA,EDUADULT,UPPSRY_MEN,PC_25_64,A,2017,46.260525,
FRA,EDUADULT,UPPSRY_MEN,PC_25_64,A,2018,45.541195,
FRA,EDUADULT,UPPSRY_MEN,PC_25_64,A,2019,45.21743,
FRA,EDUADULT,UPPSRY_MEN,PC_25_64,A,2020,44.542114,
FRA,EDUADULT,UPPSRY_WOMEN,PC_25_64,A,2016,40.648956,
FRA,EDUADULT,UPPSRY_WOMEN,PC_25_64,A,2017,40.230385,
FRA,EDUADULT,UPPSRY_WOMEN,PC_25_64,A,2018,39.545807,
FRA,EDUADULT,UPPSRY_WOMEN,PC_25_64,A,2019,39.997059,
FRA,EDUADULT,UPPSRY_WOMEN,PC_25_64,A,2020,39.156013,
DEU,EDUADULT,TRY_MEN,PC_25_64,A,2016,31.311701,
DEU,EDUADULT,TRY_MEN,PC_25_64,A,2017,31.383993,
DEU,EDUADULT,TRY_MEN,PC_25_64,A,2018,31.651323,
DEU,EDUADULT,TRY_MEN,PC_25_64,A,2019,32.452259,
DEU,EDUADULT,TRY_MEN,PC_25_64,A,2020,33.50206,
DEU,EDUADULT,TRY_WOMEN,PC_25_64,A,2016,25.228304,
DEU,EDUADULT,TRY_WOMEN,PC_25_64,A,2017,25.732599,
DEU,EDUADULT,TRY_WOMEN,PC_25_64,A,2018,26.440598,
DEU,EDUADULT,TRY_WOMEN,PC_25_64,A,2019,27.315199,
DEU,EDUADULT,TRY_WOMEN,PC_25_64,A,2020,28.971186,
DEU,EDUADULT,UPPSRY_MEN,PC_25_64,A,2016,56.559963,
DEU,EDUADULT,UPPSRY_MEN,PC_25_64,A,2017,56.267902,
DEU,EDUADULT,UPPSRY_MEN,PC_25_64,A,2018,56.017559,
DEU,EDUADULT,UPPSRY_MEN,PC_25_64,A,2019,55.205658,
DEU,EDUADULT,UPPSRY_MEN,PC_25_64,A,2020,53.128033,
DEU,EDUADULT,UPPSRY_WOMEN,PC_25_64,A,2016,59.832939,
DEU,EDUADULT,UPPSRY_WOMEN,PC_25_64,A,2017,59.638489,
DEU,EDUADULT,UPPSRY_WOMEN,PC_25_64,A,2018,59.226143,
DEU,EDUADULT,UPPSRY_WOMEN,PC_25_64,A,2019,58.459927,
DEU,EDUADULT,UPPSRY_WOMEN,PC_25_64,A,2020,56.600643,
GRC,EDUADULT,TRY_MEN,PC_25_64,A,2016,28.513227,
GRC,EDUADULT,TRY_MEN,PC_25_64,A,2017,29.305016,
GRC,EDUADULT,TRY_MEN,PC_25_64,A,2018,30.345835,
GRC,EDUADULT,TRY_MEN,PC_25_64,A,2019,30.177259,
GRC,EDUADULT,TRY_MEN,PC_25_64,A,2020,30.939407,
GRC,EDUADULT,TRY_WOMEN,PC_25_64,A,2016,31.91032,
GRC,EDUADULT,TRY_WOMEN,PC_25_64,A,2017,32.712036,
GRC,EDUADULT,TRY_WOMEN,PC_25_64,A,2018,33.103279,
GRC,EDUADULT,TRY_WOMEN,PC_25_64,A,2019,33.565025,
GRC,EDUADULT,TRY_WOMEN,PC_25_64,A,2020,34.508327,
GRC,EDUADULT,UPPSRY_MEN,PC_25_64,A,2016,41.525116,
GRC,EDUADULT,UPPSRY_MEN,PC_25_64,A,2017,42.195286,
GRC,EDUADULT,UPPSRY_MEN,PC_25_64,A,2018,42.075829,
GRC,EDUADULT,UPPSRY_MEN,PC_25_64,A,2019,42.288982,
GRC,EDUADULT,UPPSRY_MEN,PC_25_64,A,2020,44.110073,
GRC,EDUADULT,UPPSRY_WOMEN,PC_25_64,A,2016,41.314632,
GRC,EDUADULT,UPPSRY_WOMEN,PC_25_64,A,2017,41.17979,
GRC,EDUADULT,UPPSRY_WOMEN,PC_25_64,A,2018,41.193134,
GRC,EDUADULT,UPPSRY_WOMEN,PC_25_64,A,2019,41.848072,
GRC,EDUADULT,UPPSRY_WOMEN,PC_25_64,A,2020,43.204212,
HUN,EDUADULT,TRY_MEN,PC_25_64,A,2016,20.482416,
HUN,EDUADULT,TRY_MEN,PC_25_64,A,2017,21.013105,
HUN,EDUADULT,TRY_MEN,PC_25_64,A,2018,21.622774,
HUN,EDUADULT,TRY_MEN,PC_25_64,A,2019,21.608421,
HUN,EDUADULT,TRY_MEN,PC_25_64,A,2020,23.023033,
HUN,EDUADULT,TRY_WOMEN,PC_25_64,A,2016,26.829664,
HUN,EDUADULT,TRY_WOMEN,PC_25_64,A,2017,26.998577,
HUN,EDUADULT,TRY_WOMEN,PC_25_64,A,2018,28.486479,
HUN,EDUADULT,TRY_WOMEN,PC_25_64,A,2019,30.266064,
HUN,EDUADULT,TRY_WOMEN,PC_25_64,A,2020,31.325165,
HUN,EDUADULT,UPPSRY_MEN,PC_25_64,A,2016,64.722328,
HUN,EDUADULT,UPPSRY_MEN,PC_25_64,A,2017,64.980949,
HUN,EDUADULT,UPPSRY_MEN,PC_25_64,A,2018,64.807388,
HUN,EDUADULT,UPPSRY_MEN,PC_25_64,A,2019,64.737663,
HUN,EDUADULT,UPPSRY_MEN,PC_25_64,A,2020,63.895607,
HUN,EDUADULT,UPPSRY_WOMEN,PC_25_64,A,2016,54.755527,
HUN,EDUADULT,UPPSRY_WOMEN,PC_25_64,A,2017,55.122253,
HUN,EDUADULT,UPPSRY_WOMEN,PC_25_64,A,2018,54.848988,
HUN,EDUADULT,UPPSRY_WOMEN,PC_25_64,A,2019,53.362923,
HUN,EDUADULT,UPPSRY_WOMEN,PC_25_64,A,2020,52.921982,
ISL,EDUADULT,TRY_MEN,PC_25_64,A,2016,30.602186,
ISL,EDUADULT,TRY_MEN,PC_25_64,A,2017,31.717388,
ISL,EDUADULT,TRY_MEN,PC_25_64,A,2018,32.074547,
ISL,EDUADULT,TRY_MEN,PC_25_64,A,2019,33.440773,
ISL,EDUADULT,TRY_MEN,PC_25_64,A,2020,34.268604,
ISL,EDUADULT,TRY_WOMEN,PC_25_64,A,2016,45.789558,
ISL,EDUADULT,TRY_WOMEN,PC_25_64,A,2017,46.737587,
ISL,EDUADULT,TRY_WOMEN,PC_25_64,A,2018,49.068707,
ISL,EDUADULT,TRY_WOMEN,PC_25_64,A,2019,49.074215,
ISL,EDUADULT,TRY_WOMEN,PC_25_64,A,2020,47.555538,
ISL,EDUADULT,UPPSRY_MEN,PC_25_64,A,2016,45.597427,
ISL,EDUADULT,UPPSRY_MEN,PC_25_64,A,2017,42.871372,
ISL,EDUADULT,UPPSRY_MEN,PC_25_64,A,2018,41.857006,
ISL,EDUADULT,UPPSRY_MEN,PC_25_64,A,2019,40.531944,
ISL,EDUADULT,UPPSRY_MEN,PC_25_64,A,2020,39.885548,
ISL,EDUADULT,UPPSRY_WOMEN,PC_25_64,A,2016,31.232513,
ISL,EDUADULT,UPPSRY_WOMEN,PC_25_64,A,2017,28.269289,
ISL,EDUADULT,UPPSRY_WOMEN,PC_25_64,A,2018,28.194933,
ISL,EDUADULT,UPPSRY_WOMEN,PC_25_64,A,2019,28.992723,
ISL,EDUADULT,UPPSRY_WOMEN,PC_25_64,A,2020,30.26265,
IRL,EDUADULT,TRY_MEN,PC_25_64,A,2016,40.381546,
IRL,EDUADULT,TRY_MEN,PC_25_64,A,2017,42.223335,
IRL,EDUADULT,TRY_MEN,PC_25_64,A,2018,43.093826,
IRL,EDUADULT,TRY_MEN,PC_25_64,A,2019,43.519436,
IRL,EDUADULT,TRY_MEN,PC_25_64,A,2020,46.339973,
IRL,EDUADULT,TRY_WOMEN,PC_25_64,A,2016,49.641514,
IRL,EDUADULT,TRY_WOMEN,PC_25_64,A,2017,48.972515,
IRL,EDUADULT,TRY_WOMEN,PC_25_64,A,2018,50.639732,
IRL,EDUADULT,TRY_WOMEN,PC_25_64,A,2019,50.969276,
IRL,EDUADULT,TRY_WOMEN,PC_25_64,A,2020,53.423771,
IRL,EDUADULT,UPPSRY_MEN,PC_25_64,A,2016,38.30658,
IRL,EDUADULT,UPPSRY_MEN,PC_25_64,A,2017,36.631069,
IRL,EDUADULT,UPPSRY_MEN,PC_25_64,A,2018,37.074486,
IRL,EDUADULT,UPPSRY_MEN,PC_25_64,A,2019,37.466496,
IRL,EDUADULT,UPPSRY_MEN,PC_25_64,A,2020,36.538029,
IRL,EDUADULT,UPPSRY_WOMEN,PC_25_64,A,2016,34.922569,
IRL,EDUADULT,UPPSRY_WOMEN,PC_25_64,A,2017,36.072002,
IRL,EDUADULT,UPPSRY_WOMEN,PC_25_64,A,2018,35.434101,
IRL,EDUADULT,UPPSRY_WOMEN,PC_25_64,A,2019,35.270782,
IRL,EDUADULT,UPPSRY_WOMEN,PC_25_64,A,2020,34.593945,
ITA,EDUADULT,TRY_MEN,PC_25_64,A,2016,15.286468,
ITA,EDUADULT,TRY_MEN,PC_25_64,A,2017,15.805677,
ITA,EDUADULT,TRY_MEN,PC_25_64,A,2018,16.485533,
ITA,EDUADULT,TRY_MEN,PC_25_64,A,2019,16.759705,
ITA,EDUADULT,TRY_MEN,PC_25_64,A,2020,17.197281,
ITA,EDUADULT,TRY_WOMEN,PC_25_64,A,2016,20.106771,
ITA,EDUADULT,TRY_WOMEN,PC_25_64,A,2017,21.47291,
ITA,EDUADULT,TRY_WOMEN,PC_25_64,A,2018,22.10359,
ITA,EDUADULT,TRY_WOMEN,PC_25_64,A,2019,22.444851,
ITA,EDUADULT,TRY_WOMEN,PC_25_64,A,2020,23.014601,
ITA,EDUADULT,UPPSRY_MEN,PC_25_64,A,2016,42.792294,
ITA,EDUADULT,UPPSRY_MEN,PC_25_64,A,2017,42.959179,
ITA,EDUADULT,UPPSRY_MEN,PC_25_64,A,2018,43.170307,
ITA,EDUADULT,UPPSRY_MEN,PC_25_64,A,2019,43.0522,
ITA,EDUADULT,UPPSRY_MEN,PC_25_64,A,2020,43.339577,
ITA,EDUADULT,UPPSRY_WOMEN,PC_25_64,A,2016,42.055065,
ITA,EDUADULT,UPPSRY_WOMEN,PC_25_64,A,2017,41.547642,
ITA,EDUADULT,UPPSRY_WOMEN,PC_25_64,A,2018,41.692581,
ITA,EDUADULT,UPPSRY_WOMEN,PC_25_64,A,2019,42.018707,
ITA,EDUADULT,UPPSRY_WOMEN,PC_25_64,A,2020,42.124828,
JPN,EDUADULT,TRY_MEN,PC_25_64,A,2016,50.335358,
JPN,EDUADULT,TRY_MEN,PC_25_64,A,2017,50.736706,
JPN,EDUADULT,TRY_MEN,PC_25_64,A,2018,51.028938,
JPN,EDUADULT,TRY_MEN,PC_25_64,A,2019,51.473923,
JPN,EDUADULT,TRY_WOMEN,PC_25_64,A,2016,50.659801,
JPN,EDUADULT,TRY_WOMEN,PC_25_64,A,2017,52.151409,
JPN,EDUADULT,TRY_WOMEN,PC_25_64,A,2018,52.841282,
JPN,EDUADULT,TRY_WOMEN,PC_25_64,A,2019,53.901878,
KOR,EDUADULT,TRY_MEN,PC_25_64,A,2016,50.185818,
KOR,EDUADULT,TRY_MEN,PC_25_64,A,2017,50.974545,
KOR,EDUADULT,TRY_MEN,PC_25_64,A,2018,51.760632,
KOR,EDUADULT,TRY_MEN,PC_25_64,A,2019,52.340191,
KOR,EDUADULT,TRY_MEN,PC_25_64,A,2020,52.80695,
KOR,EDUADULT,TRY_WOMEN,PC_25_64,A,2016,43.001148,
KOR,EDUADULT,TRY_WOMEN,PC_25_64,A,2017,44.414146,
KOR,EDUADULT,TRY_WOMEN,PC_25_64,A,2018,46.163258,
KOR,EDUADULT,TRY_WOMEN,PC_25_64,A,2019,47.635471,
KOR,EDUADULT,TRY_WOMEN,PC_25_64,A,2020,48.524532,
KOR,EDUADULT,UPPSRY_MEN,PC_25_64,A,2016,39.495762,
KOR,EDUADULT,UPPSRY_MEN,PC_25_64,A,2017,39.374939,
KOR,EDUADULT,UPPSRY_MEN,PC_25_64,A,2018,38.98774,
KOR,EDUADULT,UPPSRY_MEN,PC_25_64,A,2019,38.703171,
KOR,EDUADULT,UPPSRY_MEN,PC_25_64,A,2020,38.750603,
KOR,EDUADULT,UPPSRY_WOMEN,PC_25_64,A,2016,40.778442,
KOR,EDUADULT,UPPSRY_WOMEN,PC_25_64,A,2017,40.374645,
KOR,EDUADULT,UPPSRY_WOMEN,PC_25_64,A,2018,39.378452,
KOR,EDUADULT,UPPSRY_WOMEN,PC_25_64,A,2019,38.693756,
KOR,EDUADULT,UPPSRY_WOMEN,PC_25_64,A,2020,38.540112,
LUX,EDUADULT,TRY_MEN,PC_25_64,A,2016,42.995258,
LUX,EDUADULT,TRY_MEN,PC_25_64,A,2017,39.254742,
LUX,EDUADULT,TRY_MEN,PC_25_64,A,2018,43.216248,
LUX,EDUADULT,TRY_MEN,PC_25_64,A,2019,50.007431,
LUX,EDUADULT,TRY_MEN,PC_25_64,A,2020,50.189175,
LUX,EDUADULT,TRY_WOMEN,PC_25_64,A,2016,42.706947,
LUX,EDUADULT,TRY_WOMEN,PC_25_64,A,2017,41.437519,
LUX,EDUADULT,TRY_WOMEN,PC_25_64,A,2018,44.569466,
LUX,EDUADULT,TRY_WOMEN,PC_25_64,A,2019,53.374012,
LUX,EDUADULT,TRY_WOMEN,PC_25_64,A,2020,52.49231,
LUX,EDUADULT,UPPSRY_MEN,PC_25_64,A,2016,36.638424,
LUX,EDUADULT,UPPSRY_MEN,PC_25_64,A,2017,38.067387,
LUX,EDUADULT,UPPSRY_MEN,PC_25_64,A,2018,34.551289,
LUX,EDUADULT,UPPSRY_MEN,PC_25_64,A,2019,25.528835,
LUX,EDUADULT,UPPSRY_MEN,PC_25_64,A,2020,24.224262,
LUX,EDUADULT,UPPSRY_WOMEN,PC_25_64,A,2016,35.240349,
LUX,EDUADULT,UPPSRY_WOMEN,PC_25_64,A,2017,34.612057,
LUX,EDUADULT,UPPSRY_WOMEN,PC_25_64,A,2018,32.123833,
LUX,EDUADULT,UPPSRY_WOMEN,PC_25_64,A,2019,21.357676,
LUX,EDUADULT,UPPSRY_WOMEN,PC_25_64,A,2020,21.38092,
MEX,EDUADULT,TRY_MEN,PC_25_64,A,2016,17.931393,
MEX,EDUADULT,TRY_MEN,PC_25_64,A,2017,18.578926,
MEX,EDUADULT,TRY_MEN,PC_25_64,A,2018,18.878956,
MEX,EDUADULT,TRY_MEN,PC_25_64,A,2019,18.929453,
MEX,EDUADULT,TRY_MEN,PC_25_64,A,2020,19.960196,
MEX,EDUADULT,TRY_WOMEN,PC_25_64,A,2016,15.838044,
MEX,EDUADULT,TRY_WOMEN,PC_25_64,A,2017,16.402203,
MEX,EDUADULT,TRY_WOMEN,PC_25_64,A,2018,17.18869,
MEX,EDUADULT,TRY_WOMEN,PC_25_64,A,2019,17.667831,
MEX,EDUADULT,TRY_WOMEN,PC_25_64,A,2020,18.965326,
MEX,EDUADULT,UPPSRY_MEN,PC_25_64,A,2016,19.535267,
MEX,EDUADULT,UPPSRY_MEN,PC_25_64,A,2017,19.897543,
MEX,EDUADULT,UPPSRY_MEN,PC_25_64,A,2018,20.928068,
MEX,EDUADULT,UPPSRY_MEN,PC_25_64,A,2019,21.518822,
MEX,EDUADULT,UPPSRY_MEN,PC_25_64,A,2020,22.089827,
MEX,EDUADULT,UPPSRY_WOMEN,PC_25_64,A,2016,20.063717,
MEX,EDUADULT,UPPSRY_WOMEN,PC_25_64,A,2017,20.545109,
MEX,EDUADULT,UPPSRY_WOMEN,PC_25_64,A,2018,21.376276,
MEX,EDUADULT,UPPSRY_WOMEN,PC_25_64,A,2019,21.537306,
MEX,EDUADULT,UPPSRY_WOMEN,PC_25_64,A,2020,22.228416,
NLD,EDUADULT,TRY_MEN,PC_25_64,A,2016,36.032528,
NLD,EDUADULT,TRY_MEN,PC_25_64,A,2017,36.764774,
NLD,EDUADULT,TRY_MEN,PC_25_64,A,2018,37.782265,
NLD,EDUADULT,TRY_MEN,PC_25_64,A,2019,39.97419,
NLD,EDUADULT,TRY_MEN,PC_25_64,A,2020,41.968655,
NLD,EDUADULT,TRY_WOMEN,PC_25_64,A,2016,35.965878,
NLD,EDUADULT,TRY_WOMEN,PC_25_64,A,2017,37.570652,
NLD,EDUADULT,TRY_WOMEN,PC_25_64,A,2018,38.904495,
NLD,EDUADULT,TRY_WOMEN,PC_25_64,A,2019,40.795212,
NLD,EDUADULT,TRY_WOMEN,PC_25_64,A,2020,43.321602,
NLD,EDUADULT,UPPSRY_MEN,PC_25_64,A,2016,41.72171,
NLD,EDUADULT,UPPSRY_MEN,PC_25_64,A,2017,41.993813,
NLD,EDUADULT,UPPSRY_MEN,PC_25_64,A,2018,41.538254,
NLD,EDUADULT,UPPSRY_MEN,PC_25_64,A,2019,39.774967,
NLD,EDUADULT,UPPSRY_MEN,PC_25_64,A,2020,39.161121,
NLD,EDUADULT,UPPSRY_WOMEN,PC_25_64,A,2016,40.414757,
NLD,EDUADULT,UPPSRY_WOMEN,PC_25_64,A,2017,40.435383,
NLD,EDUADULT,UPPSRY_WOMEN,PC_25_64,A,2018,39.821945,
NLD,EDUADULT,UPPSRY_WOMEN,PC_25_64,A,2019,38.574493,
NLD,EDUADULT,UPPSRY_WOMEN,PC_25_64,A,2020,37.595325,
NZL,EDUADULT,TRY_MEN,PC_25_64,A,2016,33.445648,
NZL,EDUADULT,TRY_MEN,PC_25_64,A,2017,34.879517,
NZL,EDUADULT,TRY_MEN,PC_25_64,A,2018,36.308079,
NZL,EDUADULT,TRY_MEN,PC_25_64,A,2019,36.11018,
NZL,EDUADULT,TRY_MEN,PC_25_64,A,2020,36.86467,
NZL,EDUADULT,TRY_WOMEN,PC_25_64,A,2016,38.903072,
NZL,EDUADULT,TRY_WOMEN,PC_25_64,A,2017,40.399647,
NZL,EDUADULT,TRY_WOMEN,PC_25_64,A,2018,42.103603,
NZL,EDUADULT,TRY_WOMEN,PC_25_64,A,2019,41.822868,
NZL,EDUADULT,TRY_WOMEN,PC_25_64,A,2020,43.271767,
NZL,EDUADULT,UPPSRY_MEN,PC_25_64,A,2016,43.270084,
NZL,EDUADULT,UPPSRY_MEN,PC_25_64,A,2017,43.433735,
NZL,EDUADULT,UPPSRY_MEN,PC_25_64,A,2018,43.507744,
NZL,EDUADULT,UPPSRY_MEN,PC_25_64,A,2019,43.913261,
NZL,EDUADULT,UPPSRY_MEN,PC_25_64,A,2020,43.046459,
NZL,EDUADULT,UPPSRY_WOMEN,PC_25_64,A,2016,37.544266,
NZL,EDUADULT,UPPSRY_WOMEN,PC_25_64,A,2017,39.013779,
NZL,EDUADULT,UPPSRY_WOMEN,PC_25_64,A,2018,38.957661,
NZL,EDUADULT,UPPSRY_WOMEN,PC_25_64,A,2019,39.503281,
NZL,EDUADULT,UPPSRY_WOMEN,PC_25_64,A,2020,38.650585,
NOR,EDUADULT,TRY_MEN,PC_25_64,A,2016,38.396145,
NOR,EDUADULT,TRY_MEN,PC_25_64,A,2017,38.701958,
NOR,EDUADULT,TRY_MEN,PC_25_64,A,2018,39.068577,
NOR,EDUADULT,TRY_MEN,PC_25_64,A,2019,39.005184,
NOR,EDUADULT,TRY_MEN,PC_25_64,A,2020,39.585854,
NOR,EDUADULT,TRY_WOMEN,PC_25_64,A,2016,47.866173,
NOR,EDUADULT,TRY_WOMEN,PC_25_64,A,2017,47.927422,
NOR,EDUADULT,TRY_WOMEN,PC_25_64,A,2018,48.301937,
NOR,EDUADULT,TRY_WOMEN,PC_25_64,A,2019,49.493538,
NOR,EDUADULT,TRY_WOMEN,PC_25_64,A,2020,51.226639,
NOR,EDUADULT,UPPSRY_MEN,PC_25_64,A,2016,43.312553,
NOR,EDUADULT,UPPSRY_MEN,PC_25_64,A,2017,42.390541,
NOR,EDUADULT,UPPSRY_MEN,PC_25_64,A,2018,42.658073,
NOR,EDUADULT,UPPSRY_MEN,PC_25_64,A,2019,42.801586,
NOR,EDUADULT,UPPSRY_MEN,PC_25_64,A,2020,42.131302,
NOR,EDUADULT,UPPSRY_WOMEN,PC_25_64,A,2016,34.929367,
NOR,EDUADULT,UPPSRY_WOMEN,PC_25_64,A,2017,34.960907,
NOR,EDUADULT,UPPSRY_WOMEN,PC_25_64,A,2018,34.963131,
NOR,EDUADULT,UPPSRY_WOMEN,PC_25_64,A,2019,33.772694,
NOR,EDUADULT,UPPSRY_WOMEN,PC_25_64,A,2020,32.054607,
POL,EDUADULT,TRY_MEN,PC_25_64,A,2016,23.41297,
POL,EDUADULT,TRY_MEN,PC_25_64,A,2017,24.471952,
POL,EDUADULT,TRY_MEN,PC_25_64,A,2018,25.205914,
POL,EDUADULT,TRY_MEN,PC_25_64,A,2019,26.24085,
POL,EDUADULT,TRY_MEN,PC_25_64,A,2020,26.859726,
POL,EDUADULT,TRY_WOMEN,PC_25_64,A,2016,33.939568,
POL,EDUADULT,TRY_WOMEN,PC_25_64,A,2017,35.299824,
POL,EDUADULT,TRY_WOMEN,PC_25_64,A,2018,36.574348,
POL,EDUADULT,TRY_WOMEN,PC_25_64,A,2019,37.730793,
POL,EDUADULT,TRY_WOMEN,PC_25_64,A,2020,38.83564,
POL,EDUADULT,UPPSRY_MEN,PC_25_64,A,2016,67.723061,
POL,EDUADULT,UPPSRY_MEN,PC_25_64,A,2017,67.511543,
POL,EDUADULT,UPPSRY_MEN,PC_25_64,A,2018,66.904831,
POL,EDUADULT,UPPSRY_MEN,PC_25_64,A,2019,65.978142,
POL,EDUADULT,UPPSRY_MEN,PC_25_64,A,2020,66.027176,
POL,EDUADULT,UPPSRY_WOMEN,PC_25_64,A,2016,57.563511,
POL,EDUADULT,UPPSRY_WOMEN,PC_25_64,A,2017,56.937706,
POL,EDUADULT,UPPSRY_WOMEN,PC_25_64,A,2018,56.207031,
POL,EDUADULT,UPPSRY_WOMEN,PC_25_64,A,2019,55.310699,
POL,EDUADULT,UPPSRY_WOMEN,PC_25_64,A,2020,54.763882,
PRT,EDUADULT,TRY_MEN,PC_25_64,A,2016,19.392345,
PRT,EDUADULT,TRY_MEN,PC_25_64,A,2017,19.199572,
PRT,EDUADULT,TRY_MEN,PC_25_64,A,2018,19.692612,
PRT,EDUADULT,TRY_MEN,PC_25_64,A,2019,21.502281,
PRT,EDUADULT,TRY_MEN,PC_25_64,A,2020,22.847862,
PRT,EDUADULT,TRY_WOMEN,PC_25_64,A,2016,27.933044,
PRT,EDUADULT,TRY_WOMEN,PC_25_64,A,2017,28.471441,
PRT,EDUADULT,TRY_WOMEN,PC_25_64,A,2018,29.829231,
PRT,EDUADULT,TRY_WOMEN,PC_25_64,A,2019,30.644608,
PRT,EDUADULT,TRY_WOMEN,PC_25_64,A,2020,32.995258,
PRT,EDUADULT,UPPSRY_MEN,PC_25_64,A,2016,23.632545,
PRT,EDUADULT,UPPSRY_MEN,PC_25_64,A,2017,24.123669,
PRT,EDUADULT,UPPSRY_MEN,PC_25_64,A,2018,25.07633,
PRT,EDUADULT,UPPSRY_MEN,PC_25_64,A,2019,26.194712,
PRT,EDUADULT,UPPSRY_MEN,PC_25_64,A,2020,28.804491,
PRT,EDUADULT,UPPSRY_WOMEN,PC_25_64,A,2016,22.537746,
PRT,EDUADULT,UPPSRY_WOMEN,PC_25_64,A,2017,23.72171,
PRT,EDUADULT,UPPSRY_WOMEN,PC_25_64,A,2018,24.596498,
PRT,EDUADULT,UPPSRY_WOMEN,PC_25_64,A,2019,25.615692,
PRT,EDUADULT,UPPSRY_WOMEN,PC_25_64,A,2020,25.803881,
SVK,EDUADULT,TRY_MEN,PC_25_64,A,2016,18.87179,
SVK,EDUADULT,TRY_MEN,PC_25_64,A,2017,19.760481,
SVK,EDUADULT,TRY_MEN,PC_25_64,A,2018,20.983791,
SVK,EDUADULT,TRY_MEN,PC_25_64,A,2019,21.704424,
SVK,EDUADULT,TRY_MEN,PC_25_64,A,2020,22.011438,
SVK,EDUADULT,TRY_WOMEN,PC_25_64,A,2016,25.099613,
SVK,EDUADULT,TRY_WOMEN,PC_25_64,A,2017,26.452528,
SVK,EDUADULT,TRY_WOMEN,PC_25_64,A,2018,28.216055,
SVK,EDUADULT,TRY_WOMEN,PC_25_64,A,2019,29.91453,
SVK,EDUADULT,TRY_WOMEN,PC_25_64,A,2020,31.597046,
SVK,EDUADULT,UPPSRY_MEN,PC_25_64,A,2016,74.100517,
SVK,EDUADULT,UPPSRY_MEN,PC_25_64,A,2017,72.749466,
SVK,EDUADULT,UPPSRY_MEN,PC_25_64,A,2018,71.502182,
SVK,EDUADULT,UPPSRY_MEN,PC_25_64,A,2019,70.237663,
SVK,EDUADULT,UPPSRY_MEN,PC_25_64,A,2020,71.116478,
SVK,EDUADULT,UPPSRY_WOMEN,PC_25_64,A,2016,65.42128,
SVK,EDUADULT,UPPSRY_WOMEN,PC_25_64,A,2017,63.631351,
SVK,EDUADULT,UPPSRY_WOMEN,PC_25_64,A,2018,62.447418,
SVK,EDUADULT,UPPSRY_WOMEN,PC_25_64,A,2019,60.556641,
SVK,EDUADULT,UPPSRY_WOMEN,PC_25_64,A,2020,60.173664,
ESP,EDUADULT,TRY_MEN,PC_25_64,A,2016,32.98119,
ESP,EDUADULT,TRY_MEN,PC_25_64,A,2017,33.75465,
ESP,EDUADULT,TRY_MEN,PC_25_64,A,2018,34.640388,
ESP,EDUADULT,TRY_MEN,PC_25_64,A,2019,35.831165,
ESP,EDUADULT,TRY_MEN,PC_25_64,A,2020,36.685833,
ESP,EDUADULT,TRY_WOMEN,PC_25_64,A,2016,38.397327,
ESP,EDUADULT,TRY_WOMEN,PC_25_64,A,2017,38.934372,
ESP,EDUADULT,TRY_WOMEN,PC_25_64,A,2018,39.846661,
ESP,EDUADULT,TRY_WOMEN,PC_25_64,A,2019,41.339748,
ESP,EDUADULT,TRY_WOMEN,PC_25_64,A,2020,42.658867,
ESP,EDUADULT,UPPSRY_MEN,PC_25_64,A,2016,22.688265,
ESP,EDUADULT,UPPSRY_MEN,PC_25_64,A,2017,22.721037,
ESP,EDUADULT,UPPSRY_MEN,PC_25_64,A,2018,22.596468,
ESP,EDUADULT,UPPSRY_MEN,PC_25_64,A,2019,22.480856,
ESP,EDUADULT,UPPSRY_MEN,PC_25_64,A,2020,23.08164,
ESP,EDUADULT,UPPSRY_WOMEN,PC_25_64,A,2016,22.472944,
ESP,EDUADULT,UPPSRY_WOMEN,PC_25_64,A,2017,22.725344,
ESP,EDUADULT,UPPSRY_WOMEN,PC_25_64,A,2018,23.12767,
ESP,EDUADULT,UPPSRY_WOMEN,PC_25_64,A,2019,22.951399,
ESP,EDUADULT,UPPSRY_WOMEN,PC_25_64,A,2020,23.273985,
SWE,EDUADULT,TRY_MEN,PC_25_64,A,2016,34.458351,
SWE,EDUADULT,TRY_MEN,PC_25_64,A,2017,35.476173,
SWE,EDUADULT,TRY_MEN,PC_25_64,A,2018,36.428112,
SWE,EDUADULT,TRY_MEN,PC_25_64,A,2019,36.802536,
SWE,EDUADULT,TRY_MEN,PC_25_64,A,2020,37.316448,
SWE,EDUADULT,TRY_WOMEN,PC_25_64,A,2016,48.042187,
SWE,EDUADULT,TRY_WOMEN,PC_25_64,A,2017,48.62455,
SWE,EDUADULT,TRY_WOMEN,PC_25_64,A,2018,50.303387,
SWE,EDUADULT,TRY_WOMEN,PC_25_64,A,2019,51.407867,
SWE,EDUADULT,TRY_WOMEN,PC_25_64,A,2020,52.181118,
SWE,EDUADULT,UPPSRY_MEN,PC_25_64,A,2016,47.493156,
SWE,EDUADULT,UPPSRY_MEN,PC_25_64,A,2017,46.794205,
SWE,EDUADULT,UPPSRY_MEN,PC_25_64,A,2018,45.640575,
SWE,EDUADULT,UPPSRY_MEN,PC_25_64,A,2019,45.289131,
SWE,EDUADULT,UPPSRY_MEN,PC_25_64,A,2020,45.343319,
SWE,EDUADULT,UPPSRY_WOMEN,PC_25_64,A,2016,35.487129,
SWE,EDUADULT,UPPSRY_WOMEN,PC_25_64,A,2017,35.123444,
SWE,EDUADULT,UPPSRY_WOMEN,PC_25_64,A,2018,34.244801,
SWE,EDUADULT,UPPSRY_WOMEN,PC_25_64,A,2019,33.824646,
SWE,EDUADULT,UPPSRY_WOMEN,PC_25_64,A,2020,33.007652,
CHE,EDUADULT,TRY_MEN,PC_25_64,A,2016,45.940552,
CHE,EDUADULT,TRY_MEN,PC_25_64,A,2017,47.220692,
CHE,EDUADULT,TRY_MEN,PC_25_64,A,2018,47.688629,
CHE,EDUADULT,TRY_MEN,PC_25_64,A,2019,48.08326,
CHE,EDUADULT,TRY_MEN,PC_25_64,A,2020,48.337212,
CHE,EDUADULT,TRY_WOMEN,PC_25_64,A,2016,36.458977,
CHE,EDUADULT,TRY_WOMEN,PC_25_64,A,2017,37.898529,
CHE,EDUADULT,TRY_WOMEN,PC_25_64,A,2018,39.743084,
CHE,EDUADULT,TRY_WOMEN,PC_25_64,A,2019,40.68224,
CHE,EDUADULT,TRY_WOMEN,PC_25_64,A,2020,42.166286,
CHE,EDUADULT,UPPSRY_MEN,PC_25_64,A,2016,43.065212,
CHE,EDUADULT,UPPSRY_MEN,PC_25_64,A,2017,42.019848,
CHE,EDUADULT,UPPSRY_MEN,PC_25_64,A,2018,41.725693,
CHE,EDUADULT,UPPSRY_MEN,PC_25_64,A,2019,41.826633,
CHE,EDUADULT,UPPSRY_MEN,PC_25_64,A,2020,41.873482,
CHE,EDUADULT,UPPSRY_WOMEN,PC_25_64,A,2016,49.38319,
CHE,EDUADULT,UPPSRY_WOMEN,PC_25_64,A,2017,48.455978,
CHE,EDUADULT,UPPSRY_WOMEN,PC_25_64,A,2018,47.630314,
CHE,EDUADULT,UPPSRY_WOMEN,PC_25_64,A,2019,47.407063,
CHE,EDUADULT,UPPSRY_WOMEN,PC_25_64,A,2020,46.167675,
TUR,EDUADULT,TRY_MEN,PC_25_64,A,2016,20.724001,
TUR,EDUADULT,TRY_MEN,PC_25_64,A,2017,21.169254,
TUR,EDUADULT,TRY_MEN,PC_25_64,A,2018,21.766516,
TUR,EDUADULT,TRY_MEN,PC_25_64,A,2019,23.037657,
TUR,EDUADULT,TRY_WOMEN,PC_25_64,A,2016,17.828663,
TUR,EDUADULT,TRY_WOMEN,PC_25_64,A,2017,18.717081,
TUR,EDUADULT,TRY_WOMEN,PC_25_64,A,2018,19.684227,
TUR,EDUADULT,TRY_WOMEN,PC_25_64,A,2019,20.753014,
TUR,EDUADULT,UPPSRY_MEN,PC_25_64,A,2016,21.83629,
TUR,EDUADULT,UPPSRY_MEN,PC_25_64,A,2017,21.891384,
TUR,EDUADULT,UPPSRY_MEN,PC_25_64,A,2018,22.162004,
TUR,EDUADULT,UPPSRY_MEN,PC_25_64,A,2019,22.25272,
TUR,EDUADULT,UPPSRY_WOMEN,PC_25_64,A,2016,16.125542,
TUR,EDUADULT,UPPSRY_WOMEN,PC_25_64,A,2017,16.349726,
TUR,EDUADULT,UPPSRY_WOMEN,PC_25_64,A,2018,16.450544,
TUR,EDUADULT,UPPSRY_WOMEN,PC_25_64,A,2019,16.987946,
GBR,EDUADULT,TRY_MEN,PC_25_64,A,2016,45.196854,
GBR,EDUADULT,TRY_MEN,PC_25_64,A,2017,44.585037,
GBR,EDUADULT,TRY_MEN,PC_25_64,A,2018,43.751423,
GBR,EDUADULT,TRY_MEN,PC_25_64,A,2019,45.14959,
GBR,EDUADULT,TRY_MEN,PC_25_64,A,2020,46.904633,
GBR,EDUADULT,TRY_WOMEN,PC_25_64,A,2016,46.323395,
GBR,EDUADULT,TRY_WOMEN,PC_25_64,A,2017,46.877583,
GBR,EDUADULT,TRY_WOMEN,PC_25_64,A,2018,47.731743,
GBR,EDUADULT,TRY_WOMEN,PC_25_64,A,2019,49.15202,
GBR,EDUADULT,TRY_WOMEN,PC_25_64,A,2020,51.790306,
GBR,EDUADULT,UPPSRY_MEN,PC_25_64,A,2016,35.817101,
GBR,EDUADULT,UPPSRY_MEN,PC_25_64,A,2017,36.873829,
GBR,EDUADULT,UPPSRY_MEN,PC_25_64,A,2018,34.805092,
GBR,EDUADULT,UPPSRY_MEN,PC_25_64,A,2019,34.179104,
GBR,EDUADULT,UPPSRY_MEN,PC_25_64,A,2020,33.760395,
GBR,EDUADULT,UPPSRY_WOMEN,PC_25_64,A,2016,34.162834,
GBR,EDUADULT,UPPSRY_WOMEN,PC_25_64,A,2017,34.007793,
GBR,EDUADULT,UPPSRY_WOMEN,PC_25_64,A,2018,32.267807,
GBR,EDUADULT,UPPSRY_WOMEN,PC_25_64,A,2019,31.612267,
GBR,EDUADULT,UPPSRY_WOMEN,PC_25_64,A,2020,30.810984,
USA,EDUADULT,TRY_MEN,PC_25_64,A,2016,42.716476,
USA,EDUADULT,TRY_MEN,PC_25_64,A,2017,43.039238,
USA,EDUADULT,TRY_MEN,PC_25_64,A,2018,44.312847,
USA,EDUADULT,TRY_MEN,PC_25_64,A,2019,45.024239,
USA,EDUADULT,TRY_MEN,PC_25_64,A,2020,46.559158,
USA,EDUADULT,TRY_WOMEN,PC_25_64,A,2016,48.507526,
USA,EDUADULT,TRY_WOMEN,PC_25_64,A,2017,49.545597,
USA,EDUADULT,TRY_WOMEN,PC_25_64,A,2018,50.435326,
USA,EDUADULT,TRY_WOMEN,PC_25_64,A,2019,51.534691,
USA,EDUADULT,TRY_WOMEN,PC_25_64,A,2020,53.423653,
USA,EDUADULT,UPPSRY_MEN,PC_25_64,A,2016,46.620445,
USA,EDUADULT,UPPSRY_MEN,PC_25_64,A,2017,46.787632,
USA,EDUADULT,UPPSRY_MEN,PC_25_64,A,2018,45.757004,
USA,EDUADULT,UPPSRY_MEN,PC_25_64,A,2019,44.949524,
USA,EDUADULT,UPPSRY_MEN,PC_25_64,A,2020,44.396774,
USA,EDUADULT,UPPSRY_WOMEN,PC_25_64,A,2016,42.420189,
USA,EDUADULT,UPPSRY_WOMEN,PC_25_64,A,2017,41.886772,
USA,EDUADULT,UPPSRY_WOMEN,PC_25_64,A,2018,41.114902,
USA,EDUADULT,UPPSRY_WOMEN,PC_25_64,A,2019,40.081177,
USA,EDUADULT,UPPSRY_WOMEN,PC_25_64,A,2020,39.038227,
ARG,EDUADULT,TRY_MEN,PC_25_64,A,2017,17.488495,
ARG,EDUADULT,TRY_MEN,PC_25_64,A,2018,31.336042,
ARG,EDUADULT,TRY_WOMEN,PC_25_64,A,2017,24.951094,
ARG,EDUADULT,TRY_WOMEN,PC_25_64,A,2018,39.529755,
ARG,EDUADULT,UPPSRY_MEN,PC_25_64,A,2017,40.205902,
ARG,EDUADULT,UPPSRY_MEN,PC_25_64,A,2018,28.792295,
ARG,EDUADULT,UPPSRY_WOMEN,PC_25_64,A,2017,39.937328,
ARG,EDUADULT,UPPSRY_WOMEN,PC_25_64,A,2018,27.249208,
BRA,EDUADULT,TRY_MEN,PC_25_64,A,2016,14.535014,
BRA,EDUADULT,TRY_MEN,PC_25_64,A,2017,14.672179,
BRA,EDUADULT,TRY_MEN,PC_25_64,A,2018,15.601707,
BRA,EDUADULT,TRY_MEN,PC_25_64,A,2019,15.858756,
BRA,EDUADULT,TRY_MEN,PC_25_64,A,2020,16.841213,
BRA,EDUADULT,TRY_WOMEN,PC_25_64,A,2016,19.132725,
BRA,EDUADULT,TRY_WOMEN,PC_25_64,A,2017,19.541754,
BRA,EDUADULT,TRY_WOMEN,PC_25_64,A,2018,20.977964,
BRA,EDUADULT,TRY_WOMEN,PC_25_64,A,2019,21.468023,
BRA,EDUADULT,TRY_WOMEN,PC_25_64,A,2020,23.052433,
BRA,EDUADULT,UPPSRY_MEN,PC_25_64,A,2016,33.030273,
BRA,EDUADULT,UPPSRY_MEN,PC_25_64,A,2017,33.416306,
BRA,EDUADULT,UPPSRY_MEN,PC_25_64,A,2018,34.144085,
BRA,EDUADULT,UPPSRY_MEN,PC_25_64,A,2019,34.810474,
BRA,EDUADULT,UPPSRY_MEN,PC_25_64,A,2020,36.483021,
BRA,EDUADULT,UPPSRY_WOMEN,PC_25_64,A,2016,34.145409,
BRA,EDUADULT,UPPSRY_WOMEN,PC_25_64,A,2017,34.75256,
BRA,EDUADULT,UPPSRY_WOMEN,PC_25_64,A,2018,35.040554,
BRA,EDUADULT,UPPSRY_WOMEN,PC_25_64,A,2019,36.064316,
BRA,EDUADULT,UPPSRY_WOMEN,PC_25_64,A,2020,37.214451,
CHL,EDUADULT,TRY_MEN,PC_25_64,A,2017,24.638247,
CHL,EDUADULT,TRY_WOMEN,PC_25_64,A,2017,25.628315,
CHL,EDUADULT,UPPSRY_MEN,PC_25_64,A,2017,42.694862,
CHL,EDUADULT,UPPSRY_WOMEN,PC_25_64,A,2017,41.918842,
COL,EDUADULT,TRY_MEN,PC_25_64,A,2016,20.174047,
COL,EDUADULT,TRY_MEN,PC_25_64,A,2017,20.590368,
COL,EDUADULT,TRY_MEN,PC_25_64,A,2018,21.082104,
COL,EDUADULT,TRY_MEN,PC_25_64,A,2019,21.42478,
COL,EDUADULT,TRY_MEN,PC_25_64,A,2020,21.952885,
COL,EDUADULT,TRY_WOMEN,PC_25_64,A,2016,24.191235,
COL,EDUADULT,TRY_WOMEN,PC_25_64,A,2017,24.279985,
COL,EDUADULT,TRY_WOMEN,PC_25_64,A,2018,25.569864,
COL,EDUADULT,TRY_WOMEN,PC_25_64,A,2019,26.081968,
COL,EDUADULT,TRY_WOMEN,PC_25_64,A,2020,27.101116,
COL,EDUADULT,UPPSRY_MEN,PC_25_64,A,2016,30.480776,
COL,EDUADULT,UPPSRY_MEN,PC_25_64,A,2017,31.22529,
COL,EDUADULT,UPPSRY_MEN,PC_25_64,A,2018,31.868658,
COL,EDUADULT,UPPSRY_MEN,PC_25_64,A,2019,32.806915,
COL,EDUADULT,UPPSRY_MEN,PC_25_64,A,2020,34.406151,
COL,EDUADULT,UPPSRY_WOMEN,PC_25_64,A,2016,29.993441,
COL,EDUADULT,UPPSRY_WOMEN,PC_25_64,A,2017,31.34483,
COL,EDUADULT,UPPSRY_WOMEN,PC_25_64,A,2018,31.725365,
COL,EDUADULT,UPPSRY_WOMEN,PC_25_64,A,2019,32.970245,
COL,EDUADULT,UPPSRY_WOMEN,PC_25_64,A,2020,33.974163,
EST,EDUADULT,TRY_MEN,PC_25_64,A,2016,29.157036,
EST,EDUADULT,TRY_MEN,PC_25_64,A,2017,29.877974,
EST,EDUADULT,TRY_MEN,PC_25_64,A,2018,30.904222,
EST,EDUADULT,TRY_MEN,PC_25_64,A,2019,30.936712,
EST,EDUADULT,TRY_MEN,PC_25_64,A,2020,32.034843,
EST,EDUADULT,TRY_WOMEN,PC_25_64,A,2016,48.067318,
EST,EDUADULT,TRY_WOMEN,PC_25_64,A,2017,49.222305,
EST,EDUADULT,TRY_WOMEN,PC_25_64,A,2018,51.221062,
EST,EDUADULT,TRY_WOMEN,PC_25_64,A,2019,51.766712,
EST,EDUADULT,TRY_WOMEN,PC_25_64,A,2020,52.436687,
EST,EDUADULT,UPPSRY_MEN,PC_25_64,A,2016,56.15049,
EST,EDUADULT,UPPSRY_MEN,PC_25_64,A,2017,55.16227,
EST,EDUADULT,UPPSRY_MEN,PC_25_64,A,2018,54.846138,
EST,EDUADULT,UPPSRY_MEN,PC_25_64,A,2019,56.224724,
EST,EDUADULT,UPPSRY_MEN,PC_25_64,A,2020,55.437286,
EST,EDUADULT,UPPSRY_WOMEN,PC_25_64,A,2016,44.308128,
EST,EDUADULT,UPPSRY_WOMEN,PC_25_64,A,2017,43.01841,
EST,EDUADULT,UPPSRY_WOMEN,PC_25_64,A,2018,41.361931,
EST,EDUADULT,UPPSRY_WOMEN,PC_25_64,A,2019,41.175655,
EST,EDUADULT,UPPSRY_WOMEN,PC_25_64,A,2020,41.415203,
IDN,EDUADULT,TRY_MEN,PC_25_64,A,2016,11.250453,
IDN,EDUADULT,TRY_MEN,PC_25_64,A,2017,11.721274,
IDN,EDUADULT,TRY_WOMEN,PC_25_64,A,2016,11.416537,
IDN,EDUADULT,TRY_WOMEN,PC_25_64,A,2017,11.992479,
IDN,EDUADULT,UPPSRY_MEN,PC_25_64,A,2016,29.262917,
IDN,EDUADULT,UPPSRY_MEN,PC_25_64,A,2017,29.5383,
IDN,EDUADULT,UPPSRY_WOMEN,PC_25_64,A,2016,22.102358,
IDN,EDUADULT,UPPSRY_WOMEN,PC_25_64,A,2017,22.564634,
ISR,EDUADULT,TRY_MEN,PC_25_64,A,2016,45.177593,
ISR,EDUADULT,TRY_MEN,PC_25_64,A,2017,46.323353,
ISR,EDUADULT,TRY_MEN,PC_25_64,A,2018,45.497807,
ISR,EDUADULT,TRY_MEN,PC_25_64,A,2019,44.999088,
ISR,EDUADULT,TRY_MEN,PC_25_64,A,2020,45.036282,
ISR,EDUADULT,TRY_WOMEN,PC_25_64,A,2016,54.461967,
ISR,EDUADULT,TRY_WOMEN,PC_25_64,A,2017,55.332455,
ISR,EDUADULT,TRY_WOMEN,PC_25_64,A,2018,54.747131,
ISR,EDUADULT,TRY_WOMEN,PC_25_64,A,2019,55.366119,
ISR,EDUADULT,TRY_WOMEN,PC_25_64,A,2020,55.079689,
ISR,EDUADULT,UPPSRY_MEN,PC_25_64,A,2016,40.765846,
ISR,EDUADULT,UPPSRY_MEN,PC_25_64,A,2017,40.422241,
ISR,EDUADULT,UPPSRY_MEN,PC_25_64,A,2018,40.024128,
ISR,EDUADULT,UPPSRY_MEN,PC_25_64,A,2019,41.148937,
ISR,EDUADULT,UPPSRY_MEN,PC_25_64,A,2020,41.99609,
ISR,EDUADULT,UPPSRY_WOMEN,PC_25_64,A,2016,33.105724,
ISR,EDUADULT,UPPSRY_WOMEN,PC_25_64,A,2017,32.646366,
ISR,EDUADULT,UPPSRY_WOMEN,PC_25_64,A,2018,32.433453,
ISR,EDUADULT,UPPSRY_WOMEN,PC_25_64,A,2019,32.622246,
ISR,EDUADULT,UPPSRY_WOMEN,PC_25_64,A,2020,33.885052,
LVA,EDUADULT,TRY_MEN,PC_25_64,A,2016,24.061266,
LVA,EDUADULT,TRY_MEN,PC_25_64,A,2017,24.920851,
LVA,EDUADULT,TRY_MEN,PC_25_64,A,2018,24.911245,
LVA,EDUADULT,TRY_MEN,PC_25_64,A,2019,27.114141,
LVA,EDUADULT,TRY_MEN,PC_25_64,A,2020,28.863485,
LVA,EDUADULT,TRY_WOMEN,PC_25_64,A,2016,41.924561,
LVA,EDUADULT,TRY_WOMEN,PC_25_64,A,2017,42.144421,
LVA,EDUADULT,TRY_WOMEN,PC_25_64,A,2018,42.31316,
LVA,EDUADULT,TRY_WOMEN,PC_25_64,A,2019,43.736454,
LVA,EDUADULT,TRY_WOMEN,PC_25_64,A,2020,46.251678,
LVA,EDUADULT,UPPSRY_MEN,PC_25_64,A,2016,61.234657,
LVA,EDUADULT,UPPSRY_MEN,PC_25_64,A,2017,58.580154,
LVA,EDUADULT,UPPSRY_MEN,PC_25_64,A,2018,58.617363,
LVA,EDUADULT,UPPSRY_MEN,PC_25_64,A,2019,57.887005,
LVA,EDUADULT,UPPSRY_MEN,PC_25_64,A,2020,56.795082,
LVA,EDUADULT,UPPSRY_WOMEN,PC_25_64,A,2016,49.874989,
LVA,EDUADULT,UPPSRY_WOMEN,PC_25_64,A,2017,49.250313,
LVA,EDUADULT,UPPSRY_WOMEN,PC_25_64,A,2018,49.124287,
LVA,EDUADULT,UPPSRY_WOMEN,PC_25_64,A,2019,47.907063,
LVA,EDUADULT,UPPSRY_WOMEN,PC_25_64,A,2020,46.800278,
RUS,EDUADULT,TRY_MEN,PC_25_64,A,2016,44.856056,
RUS,EDUADULT,TRY_MEN,PC_25_64,A,2017,49.453331,
RUS,EDUADULT,TRY_MEN,PC_25_64,A,2018,49.234489,
RUS,EDUADULT,TRY_WOMEN,PC_25_64,A,2016,60.210949,
RUS,EDUADULT,TRY_WOMEN,PC_25_64,A,2017,63.214821,
RUS,EDUADULT,TRY_WOMEN,PC_25_64,A,2018,63.460545,
RUS,EDUADULT,UPPSRY_MEN,PC_25_64,A,2016,47.986301,
RUS,EDUADULT,UPPSRY_MEN,PC_25_64,A,2017,44.953972,
RUS,EDUADULT,UPPSRY_MEN,PC_25_64,A,2018,45.109924,
RUS,EDUADULT,UPPSRY_WOMEN,PC_25_64,A,2016,34.754036,
RUS,EDUADULT,UPPSRY_WOMEN,PC_25_64,A,2017,32.779057,
RUS,EDUADULT,UPPSRY_WOMEN,PC_25_64,A,2018,32.504326,
SAU,EDUADULT,TRY_MEN,PC_25_64,A,2016,23.890369,
SAU,EDUADULT,TRY_WOMEN,PC_25_64,A,2016,23.19838,
SAU,EDUADULT,UPPSRY_MEN,PC_25_64,A,2016,34.544746,
SAU,EDUADULT,UPPSRY_WOMEN,PC_25_64,A,2016,30.229431,
SVN,EDUADULT,TRY_MEN,PC_25_64,A,2016,24.278795,
SVN,EDUADULT,TRY_MEN,PC_25_64,A,2017,28.41753,
SVN,EDUADULT,TRY_MEN,PC_25_64,A,2018,26.375181,
SVN,EDUADULT,TRY_MEN,PC_25_64,A,2019,26.791559,
SVN,EDUADULT,TRY_MEN,PC_25_64,A,2020,29.27351,
SVN,EDUADULT,TRY_WOMEN,PC_25_64,A,2016,37.551964,
SVN,EDUADULT,TRY_WOMEN,PC_25_64,A,2017,39.377754,
SVN,EDUADULT,TRY_WOMEN,PC_25_64,A,2018,38.859341,
SVN,EDUADULT,TRY_WOMEN,PC_25_64,A,2019,40.225487,
SVN,EDUADULT,TRY_WOMEN,PC_25_64,A,2020,43.015697,
SVN,EDUADULT,UPPSRY_MEN,PC_25_64,A,2016,64.348885,
SVN,EDUADULT,UPPSRY_MEN,PC_25_64,A,2017,60.170712,
SVN,EDUADULT,UPPSRY_MEN,PC_25_64,A,2018,62.456078,
SVN,EDUADULT,UPPSRY_MEN,PC_25_64,A,2019,62.466618,
SVN,EDUADULT,UPPSRY_MEN,PC_25_64,A,2020,61.780827,
SVN,EDUADULT,UPPSRY_WOMEN,PC_25_64,A,2016,48.438099,
SVN,EDUADULT,UPPSRY_WOMEN,PC_25_64,A,2017,47.523338,
SVN,EDUADULT,UPPSRY_WOMEN,PC_25_64,A,2018,48.547001,
SVN,EDUADULT,UPPSRY_WOMEN,PC_25_64,A,2019,48.078552,
SVN,EDUADULT,UPPSRY_WOMEN,PC_25_64,A,2020,46.343037,
ZAF,EDUADULT,TRY_MEN,PC_25_64,A,2016,13.194118,
ZAF,EDUADULT,TRY_MEN,PC_25_64,A,2017,14.91624,
ZAF,EDUADULT,TRY_MEN,PC_25_64,A,2018,14.855694,
ZAF,EDUADULT,TRY_MEN,PC_25_64,A,2019,15.127214,
ZAF,EDUADULT,TRY_MEN,PC_25_64,A,2020,14.797209,
ZAF,EDUADULT,TRY_WOMEN,PC_25_64,A,2016,14.389567,
ZAF,EDUADULT,TRY_WOMEN,PC_25_64,A,2017,16.05265,
ZAF,EDUADULT,TRY_WOMEN,PC_25_64,A,2018,15.901568,
ZAF,EDUADULT,TRY_WOMEN,PC_25_64,A,2019,16.446951,
ZAF,EDUADULT,TRY_WOMEN,PC_25_64,A,2020,16.851519,
ZAF,EDUADULT,UPPSRY_MEN,PC_25_64,A,2016,28.70327,
ZAF,EDUADULT,UPPSRY_MEN,PC_25_64,A,2017,29.182283,
ZAF,EDUADULT,UPPSRY_MEN,PC_25_64,A,2018,30.129017,
ZAF,EDUADULT,UPPSRY_MEN,PC_25_64,A,2019,30.516876,
ZAF,EDUADULT,UPPSRY_MEN,PC_25_64,A,2020,32.806484,
ZAF,EDUADULT,UPPSRY_WOMEN,PC_25_64,A,2016,27.295212,
ZAF,EDUADULT,UPPSRY_WOMEN,PC_25_64,A,2017,27.979998,
ZAF,EDUADULT,UPPSRY_WOMEN,PC_25_64,A,2018,28.529285,
ZAF,EDUADULT,UPPSRY_WOMEN,PC_25_64,A,2019,28.988367,
ZAF,EDUADULT,UPPSRY_WOMEN,PC_25_64,A,2020,30.847193,
OAVG,EDUADULT,TRY_MEN,PC_25_64,A,2016,32.304467,
OAVG,EDUADULT,TRY_MEN,PC_25_64,A,2017,32.765845,
OAVG,EDUADULT,TRY_MEN,PC_25_64,A,2018,33.577753,
OAVG,EDUADULT,TRY_MEN,PC_25_64,A,2019,34.517005,
OAVG,EDUADULT,TRY_MEN,PC_25_64,A,2020,35.325915,
OAVG,EDUADULT,TRY_WOMEN,PC_25_64,A,2016,38.127192,
OAVG,EDUADULT,TRY_WOMEN,PC_25_64,A,2017,38.668392,
OAVG,EDUADULT,TRY_WOMEN,PC_25_64,A,2018,40.070351,
OAVG,EDUADULT,TRY_WOMEN,PC_25_64,A,2019,41.263286,
OAVG,EDUADULT,TRY_WOMEN,PC_25_64,A,2020,42.688542,
OAVG,EDUADULT,UPPSRY_MEN,PC_25_64,A,2016,44.859382,
OAVG,EDUADULT,UPPSRY_MEN,PC_25_64,A,2017,44.385364,
OAVG,EDUADULT,UPPSRY_MEN,PC_25_64,A,2018,44.240052,
OAVG,EDUADULT,UPPSRY_MEN,PC_25_64,A,2019,43.79197,
OAVG,EDUADULT,UPPSRY_MEN,PC_25_64,A,2020,44.238954,
OAVG,EDUADULT,UPPSRY_WOMEN,PC_25_64,A,2016,39.527441,
OAVG,EDUADULT,UPPSRY_WOMEN,PC_25_64,A,2017,39.287784,
OAVG,EDUADULT,UPPSRY_WOMEN,PC_25_64,A,2018,38.852146,
OAVG,EDUADULT,UPPSRY_WOMEN,PC_25_64,A,2019,38.347761,
OAVG,EDUADULT,UPPSRY_WOMEN,PC_25_64,A,2020,38.557001,
LTU,EDUADULT,TRY_MEN,PC_25_64,A,2016,31.748549,
LTU,EDUADULT,TRY_MEN,PC_25_64,A,2017,32.630604,
LTU,EDUADULT,TRY_MEN,PC_25_64,A,2018,33.979832,
LTU,EDUADULT,TRY_MEN,PC_25_64,A,2019,35.487518,
LTU,EDUADULT,TRY_MEN,PC_25_64,A,2020,36.994785,
LTU,EDUADULT,TRY_WOMEN,PC_25_64,A,2016,47.049824,
LTU,EDUADULT,TRY_WOMEN,PC_25_64,A,2017,47.334618,
LTU,EDUADULT,TRY_WOMEN,PC_25_64,A,2018,48.837761,
LTU,EDUADULT,TRY_WOMEN,PC_25_64,A,2019,50.450352,
LTU,EDUADULT,TRY_WOMEN,PC_25_64,A,2020,51.099312,
CRI,EDUADULT,TRY_MEN,PC_25_64,A,2016,21.172318,
CRI,EDUADULT,TRY_MEN,PC_25_64,A,2017,21.779003,
CRI,EDUADULT,TRY_MEN,PC_25_64,A,2018,21.556192,
CRI,EDUADULT,TRY_MEN,PC_25_64,A,2019,23.850107,
CRI,EDUADULT,TRY_MEN,PC_25_64,A,2020,23.764633,
CRI,EDUADULT,TRY_WOMEN,PC_25_64,A,2016,24.779873,
CRI,EDUADULT,TRY_WOMEN,PC_25_64,A,2017,24.189367,
CRI,EDUADULT,TRY_WOMEN,PC_25_64,A,2018,23.628597,
CRI,EDUADULT,TRY_WOMEN,PC_25_64,A,2019,26.251854,
CRI,EDUADULT,TRY_WOMEN,PC_25_64,A,2020,26.449753,
G20,EDUADULT,TRY_MEN,PC_25_64,A,2018,31.928621,
G20,EDUADULT,TRY_MEN,PC_25_64,A,2019,31.590099,
G20,EDUADULT,TRY_WOMEN,PC_25_64,A,2018,35.22031,
G20,EDUADULT,TRY_WOMEN,PC_25_64,A,2019,33.91394,
CRI,EDUADULT,UPPSRY_MEN,PC_25_64,A,2016,17.125578,
CRI,EDUADULT,UPPSRY_MEN,PC_25_64,A,2017,15.813051,
CRI,EDUADULT,UPPSRY_MEN,PC_25_64,A,2018,16.384611,
CRI,EDUADULT,UPPSRY_MEN,PC_25_64,A,2019,16.833916,
CRI,EDUADULT,UPPSRY_MEN,PC_25_64,A,2020,17.112175,
CRI,EDUADULT,UPPSRY_WOMEN,PC_25_64,A,2016,16.754868,
CRI,EDUADULT,UPPSRY_WOMEN,PC_25_64,A,2017,17.224396,
CRI,EDUADULT,UPPSRY_WOMEN,PC_25_64,A,2018,16.86739,
CRI,EDUADULT,UPPSRY_WOMEN,PC_25_64,A,2019,18.403429,
CRI,EDUADULT,UPPSRY_WOMEN,PC_25_64,A,2020,17.998053,
LTU,EDUADULT,UPPSRY_MEN,PC_25_64,A,2016,57.976788,
LTU,EDUADULT,UPPSRY_MEN,PC_25_64,A,2017,57.787132,
LTU,EDUADULT,UPPSRY_MEN,PC_25_64,A,2018,56.734547,
LTU,EDUADULT,UPPSRY_MEN,PC_25_64,A,2019,55.670059,
LTU,EDUADULT,UPPSRY_MEN,PC_25_64,A,2020,54.448505,
LTU,EDUADULT,UPPSRY_WOMEN,PC_25_64,A,2016,48.02306,
LTU,EDUADULT,UPPSRY_WOMEN,PC_25_64,A,2017,47.719982,
LTU,EDUADULT,UPPSRY_WOMEN,PC_25_64,A,2018,46.257969,
LTU,EDUADULT,UPPSRY_WOMEN,PC_25_64,A,2019,44.82122,
LTU,EDUADULT,UPPSRY_WOMEN,PC_25_64,A,2020,44.68158,
G20,EDUADULT,UPPSRY_MEN,PC_25_64,A,2018,35.481283,
G20,EDUADULT,UPPSRY_MEN,PC_25_64,A,2019,35.069604,
G20,EDUADULT,UPPSRY_WOMEN,PC_25_64,A,2018,31.427534,
G20,EDUADULT,UPPSRY_WOMEN,PC_25_64,A,2019,31.72175,
